shots,asset_id,provider,source_url,author,author_url,license,license_url,attribution_required,credit,width,height,fps,duration,codec,has_audio,sha1,retrieved,file_1080
C1-01,pexels_7923692,pexels,https://www.pexels.com/video/hot-lava-coming-out-of-the-rocks-7923692/,Gylfi Gylfason,,Pexels License,https://www.pexels.com/license/,False,Video by Gylfi Gylfason on Pexels,1920,1080,29.97,14.014,h264,False,b51b03a174d171c01ab26131d38452fb71b7e2b0,2026-10-08T21:31:44+00:00,work/src/pexels_7923692_1920x1080.mp4
C1-02,pexels_13438865,pexels,https://www.pexels.com/video/lava-in-volcano-in-slow-motion-13438865/,Anoop A Nair,,Pexels License,https://www.pexels.com/license/,False,Video by Anoop A Nair on Pexels,1920,1080,25.0,17.28,h264,True,1ed8c993c7a38a190e819fbb6da532482060d9a5,2026-10-08T21:31:45+00:00,work/src/pexels_13438865_1920x1080.mp4
C1-03,pexels_17675069,pexels,https://www.pexels.com/video/lava-river-from-a-volcanic-eruption-in-iceland-17675069/,Gylfi Gylfason,,Pexels License,https://www.pexels.com/license/,False,Video by Gylfi Gylfason on Pexels,1920,1080,29.97,23.806667,h264,True,8e86e6a3d14418a82e1ef8d59d5f9a87a352830e,2026-10-08T21:31:46+00:00,work/src/pexels_17675069_1920x1080.mp4
C1-04,pexels_9882072,pexels,https://www.pexels.com/video/a-footage-of-a-volcano-erupting-9882072/,Martin Sanchez,,Pexels License,https://www.pexels.com/license/,False,Video by Martin Sanchez on Pexels,1920,1080,30.0,20.0,h264,False,ca1868fc4b021f6fa44882cd2e808b7ba79849d4,2026-10-08T21:31:47+00:00,work/src/pexels_9882072_1920x1080.mp4
C1-05,pexels_14118346,pexels,https://www.pexels.com/video/timelapse-footage-of-cumulonimbus-clouds-14118346/,Cesar A. Ramirez Vallejo Traphitho,,Pexels License,https://www.pexels.com/license/,False,Video by Cesar A. Ramirez Vallejo Traphitho on Pexels,1920,1080,29.97,25.343333,h264,True,ef0d7345942f2ca25bc7fca3bfbcef96fba9bc54,2026-10-08T21:31:48+00:00,work/src/pexels_14118346_1920x1080.mp4
C1-06,pexels_2053567,pexels,https://www.pexels.com/video/slow-motion-view-of-waves-crashing-to-the-rocks-2053567/,Elia Clerici,,Pexels License,https://www.pexels.com/license/,False,Video by Elia Clerici on Pexels,1920,1080,23.976,12.48,h264,True,7b6c1c001e084627aa09074c4dfb056fea16f3d5,2026-10-08T21:31:49+00:00,work/src/pexels_2053567_1920x1080.mp4
C1-07,pexels_8733055,pexels,https://www.pexels.com/video/an-animation-of-planet-earth-8733055/,（Pexels 投稿者・名前未確認）,,Pexels License,https://www.pexels.com/license/,False,Pexels,1920,1080,29.97,10.043367,h264,False,e8492efdc087cd9d68a2d8f39c055b98a01c1a0c,2026-10-08T21:31:49+00:00,work/src/pexels_8733055_1920x1080.mp4
C2-01,pexels_2632737,pexels,https://www.pexels.com/video/underwater-footage-of-rising-bubbles-2632737/,James Cheney,,Pexels License,https://www.pexels.com/license/,False,Video by James Cheney on Pexels,1920,1080,23.976,13.888875,h264,False,93e711d787769146a9ccfbadff8ac37598b3b833,2026-10-08T21:31:50+00:00,work/src/pexels_2632737_1920x1080.mp4
C2-02,pexels_855333,pexels,https://www.pexels.com/video/water-splash-855333/,Pixabay,,Pexels License,https://www.pexels.com/license/,False,Video by Pixabay on Pexels,1920,1080,29.97,15.423333,h264,True,d947df13b796d257df15c11bce7f65b68bab3fed,2026-10-08T21:31:51+00:00,work/src/pexels_855333_1920x1080.mp4
C2-03,pexels_3994403,pexels,https://www.pexels.com/video/underwater-blue-water-green-moss-rivers-3994403/,（Pexels 投稿者・名前未確認）,,Pexels License,https://www.pexels.com/license/,False,Pexels,1920,1080,29.97,59.391667,h264,True,54617910e3873919e739519eb8074c730650361c,2026-10-08T21:31:52+00:00,work/src/pexels_3994403_1920x1080.mp4
C2-07,pexels_2558530,pexels,https://www.pexels.com/video/a-jellyfish-glowing-in-dark-water-2558530/,Magda Ehlers,,Pexels License,https://www.pexels.com/license/,False,Video by Magda Ehlers on Pexels,1920,1080,25.0,21.653333,h264,True,9f15b2830bab205db527fccd1b9a23273246db5e,2026-10-08T21:31:53+00:00,work/src/pexels_2558530_1920x1080.mp4
C3-01,pexels_2397239,pexels,https://www.pexels.com/video/close-up-view-of-a-jellyfish-2397239/,K,,Pexels License,https://www.pexels.com/license/,False,Video by K on Pexels,2048,1080,24.0,40.833333,h264,False,601b3e0e67e994b67380bcf2df1143f92d561939,2026-10-08T21:31:54+00:00,work/src/pexels_2397239_2048x1080.mp4
C3-02,pexels_5358755,pexels,https://www.pexels.com/video/school-of-fish-in-the-deep-blue-sea-5358755/,Adrien JACTA,,Pexels License,https://www.pexels.com/license/,False,Video by Adrien JACTA on Pexels,1920,1080,25.0,16.681667,h264,True,782aa9241ee34ce0041f0f0b069bd619710221c7,2026-10-08T21:31:55+00:00,work/src/pexels_5358755_1920x1080.mp4
C3-03,pexels_15099714,pexels,https://www.pexels.com/video/close-up-of-a-turtle-swimming-in-clear-sea-waters-15099714/,Adrien JACTA,,Pexels License,https://www.pexels.com/license/,False,Video by Adrien JACTA on Pexels,1920,1080,25.0,19.241667,h264,True,0e976653d1b2d466e33896072da639bcdc4f9571,2026-10-08T21:31:56+00:00,work/src/pexels_15099714_1920x1080.mp4
C3-04,pexels_15623349,pexels,https://www.pexels.com/video/underwater-footage-of-an-octopus-in-a-coral-reef-15623349/,Jozef Papp,,Pexels License,https://www.pexels.com/license/,False,Video by Jozef Papp on Pexels,1920,1080,25.0,11.733333,h264,True,c2dabc2c70bcc3e4d4355066706d1c8c2d7245f5,2026-10-08T21:31:56+00:00,work/src/pexels_15623349_1920x1080.mp4
C3-05,pexels_1409899,pexels,https://www.pexels.com/video/waves-rushing-and-splashing-to-the-shore-1409899/,Michal Marek,,Pexels License,https://www.pexels.com/license/,False,Video by Michal Marek on Pexels,1920,1080,25.0,21.12,h264,False,9879f3122e2583a5dbb49dd05489178c51968041,2026-10-08T21:31:57+00:00,work/src/pexels_1409899_1920x1080.mp4
C3-06,pexels_3224617,pexels,https://www.pexels.com/video/moss-growing-in-the-forest-ground-3224617/,Chris Gonzalez,,Pexels License,https://www.pexels.com/license/,False,Video by Chris Gonzalez on Pexels,1920,1080,23.976,24.899875,h264,False,d2cf5e5369d55bae60623287c862975bcdb62572,2026-10-08T21:31:58+00:00,work/src/pexels_3224617_1920x1080.mp4
C3-07,pexels_4880958,pexels,https://www.pexels.com/video/green-leaves-covering-the-forest-ground-4880958/,Ambient_Nature_ Atmosphere,,Pexels License,https://www.pexels.com/license/,False,Video by Ambient_Nature_ Atmosphere on Pexels,1920,1080,29.97,22.988333,h264,True,4fe00ded80332a8fe0da46f7d016805978af1c79,2026-10-08T21:31:59+00:00,work/src/pexels_4880958_1920x1080.mp4
C3-11,pexels_1138823,pexels,https://www.pexels.com/video/green-plant-1138823/,（Pexels 投稿者・名前未確認）,,Pexels License,https://www.pexels.com/license/,False,Pexels,1920,1080,29.97,18.538333,h264,True,e7279c188358d1aa730cfd4f2ecfd2dcbdfd8a05,2026-10-08T21:32:01+00:00,work/src/pexels_1138823_1920x1080.mp4
C4-01,pexels_6327822,pexels,https://www.pexels.com/video/sun-rays-coming-through-the-trees-6327822/,Matthias Groeneveld,,Pexels License,https://www.pexels.com/license/,False,Video by Matthias Groeneveld on Pexels,1920,1080,23.976,13.013333,h264,True,c88ed04d6ccfdc470ef11c112da03e3569b74b0e,2026-10-08T21:32:02+00:00,work/src/pexels_6327822_1920x1080.mp4
C4-02,pexels_5692315,pexels,https://www.pexels.com/video/landscape-shot-of-sun-ray-in-the-forest-5692315/,Matthias Groeneveld,,Pexels License,https://www.pexels.com/license/,False,Video by Matthias Groeneveld on Pexels,1920,1080,29.97,51.52,h264,True,91e484dcce2dd81f6652f24ef09708a21ea721e5,2026-10-08T21:32:03+00:00,work/src/pexels_5692315_1920x1080.mp4
C4-03,pexels_16590272,pexels,https://www.pexels.com/video/slow-motion-footage-of-a-bee-collecting-pollen-16590272/,Kmeel.com,,Pexels License,https://www.pexels.com/license/,False,Video by Kmeel.com on Pexels,1920,1080,29.97,10.576667,h264,False,468911d95101ec8fa6a422f38375d41e464308b6,2026-10-08T21:32:04+00:00,work/src/pexels_16590272_1920x1080.mp4
C4-04,pexels_3877884,pexels,https://www.pexels.com/video/close-up-view-of-monarch-butterfly-perched-on-a-flower-3877884/,Zuzanna Musial,,Pexels License,https://www.pexels.com/license/,False,Video by Zuzanna Musial on Pexels,1920,1080,29.97,26.026,h264,False,5de301f98491426f1808c492a1849f83a9febb7d,2026-10-08T21:32:05+00:00,work/src/pexels_3877884_1920x1080.mp4
C4-06,pexels_3571264,pexels,https://www.pexels.com/video/drone-view-of-big-waves-rushing-to-the-shore-3571264/,Enrique,,Pexels License,https://www.pexels.com/license/,False,Video by Enrique on Pexels,2560,1440,29.97,33.045,h264,True,7d4a2d567958e7292f2e6c6fc9a4cb3f3dc6fa74,2026-10-08T21:32:06+00:00,work/src/pexels_3571264_2560x1440.mp4
C4-07,pexels_1151329,pexels,https://www.pexels.com/video/school-of-fish-1151329/,Tom Fisk,,Pexels License,https://www.pexels.com/license/,False,Video by Tom Fisk on Pexels,1920,1080,29.97,21.033333,h264,True,c908d7f75e0338f75b5c68c886b15cd81ee249f6,2026-10-08T21:32:07+00:00,work/src/pexels_1151329_1920x1080.mp4
C4-08,pexels_3851642,pexels,https://www.pexels.com/video/flock-of-birds-in-a-murmuration-flight-3851642/,Egor Kunovsky,,Pexels License,https://www.pexels.com/license/,False,Video by Egor Kunovsky on Pexels,1920,1080,29.97,44.077367,h264,False,61a8515b07350553e7c6df6cb9b0580dda30d3d7,2026-10-08T21:32:08+00:00,work/src/pexels_3851642_1920x1080.mp4
C4-09,pexels_12873497,pexels,https://www.pexels.com/video/a-flock-of-birds-flying-over-a-body-of-water-12873497/,Shotify,,Pexels License,https://www.pexels.com/license/,False,Video by Shotify on Pexels,1920,1080,30.0,23.466667,h264,True,41c16ffa0985f20a2d68661d19caad3963c6189b,2026-10-08T21:32:09+00:00,work/src/pexels_12873497_1920x1080.mp4
C4-10,pexels_6168935,pexels,https://www.pexels.com/video/drone-footage-of-zebra-running-on-the-field-6168935/,SwissHumanity Stories,,Pexels License,https://www.pexels.com/license/,False,Video by SwissHumanity Stories on Pexels,1920,1080,29.97,25.191833,h264,False,c1c8f28ad52e32a3c7d183abd8ce4526926ccb23,2026-10-08T21:32:10+00:00,work/src/pexels_6168935_1920x1080.mp4
C4-11,pexels_5560963,pexels,https://www.pexels.com/video/flock-of-birds-flying-5560963/,follie follie,,Pexels License,https://www.pexels.com/license/,False,Video by follie follie on Pexels,1920,1080,29.97,36.671667,h264,True,6a6b1a6be39c2754e59b146a78adf7b48b885b79,2026-10-08T21:33:31+00:00,work/src/pexels_5560963_1920x1080.mp4
C4-12,pexels_1456996,pexels,https://www.pexels.com/video/turtle-underwater-1456996/,Tom Fisk,,Pexels License,https://www.pexels.com/license/,False,Video by Tom Fisk on Pexels,1920,1080,29.97,28.031667,h264,True,823cb7b7fd5d1345e4081e52d80fc61c801a946b,2026-10-08T21:33:33+00:00,work/src/pexels_1456996_1920x1080.mp4
C4-14,pexels_3826855,pexels,https://www.pexels.com/video/close-up-footage-of-the-bird-flying-3826855/,（Pexels 投稿者・名前未確認）,,Pexels License,https://www.pexels.com/license/,False,Pexels,1920,1080,24.0,11.093333,h264,True,5f54e25bcb6b355da6cf5e5f62aebad4e8d070e9,2026-10-08T21:32:11+00:00,work/src/pexels_3826855_1920x1080.mp4
C5-01,pexels_5754996,pexels,https://www.pexels.com/video/raindrops-on-green-leaves-5754996/,Harvey Tan Villarino,,Pexels License,https://www.pexels.com/license/,False,Video by Harvey Tan Villarino on Pexels,1920,1080,25.0,3.69,h264,True,cd5084a3be34636f5e677c35dd9a3791be2bfb10,2026-10-08T21:32:12+00:00,work/src/pexels_5754996_1920x1080.mp4
C5-02,pexels_2491284,pexels,https://www.pexels.com/video/splatters-of-water-in-the-ground-2491284/,Kelly,,Pexels License,https://www.pexels.com/license/,False,Video by Kelly on Pexels,2048,1080,23.976,14.826667,h264,True,ac793ea2a9050d2ecf1ecbb21674ca8417925330,2026-10-08T21:32:13+00:00,work/src/pexels_2491284_2048x1080.mp4
C5-03,pexels_6446287,pexels,https://www.pexels.com/video/video-of-a-flowing-river-6446287/,（Pexels 投稿者・名前未確認）,,Pexels License,https://www.pexels.com/license/,False,Pexels,1920,1080,29.97,23.125,h264,True,049e62af3723585e7e6aa538dbfe7cda18d5a641,2026-10-08T21:32:14+00:00,work/src/pexels_6446287_1920x1080.mp4
C5-04,pexels_3229033,pexels,https://www.pexels.com/video/close-up-footage-of-a-mushroom-3229033/,Chris Gonzalez,,Pexels License,https://www.pexels.com/license/,False,Video by Chris Gonzalez on Pexels,1920,1080,24.0,36.916667,h264,False,b47a2cdce10749f476ef44e1b80b1092080b62d9,2026-10-08T21:32:15+00:00,work/src/pexels_3229033_1920x1080.mp4
C5-05,pexels_3224616,pexels,https://www.pexels.com/video/fungus-growing-on-a-dead-leaf-3224616/,（Pexels 投稿者・名前未確認）,,Pexels License,https://www.pexels.com/license/,False,Pexels,1920,1080,23.976,42.083708,h264,False,ae5cddc7d5310071548313280f08908c536075b6,2026-10-08T21:32:16+00:00,work/src/pexels_3224616_1920x1080.mp4
C5-06,pexels_7367254,pexels,https://www.pexels.com/video/close-up-shot-of-ants-in-the-ground-7367254/,Artur Vander PiloT,,Pexels License,https://www.pexels.com/license/,False,Video by Artur Vander PiloT on Pexels,1920,1080,25.0,710.4,h264,True,8942fb904e6e81b1ad9390d304dd00cd1fd57336,2026-10-08T21:32:22+00:00,work/src/pexels_7367254_1920x1080.mp4
C5-07,pexels_18619715,pexels,https://www.pexels.com/video/deer-1-18619715/,Tony Flanagan,,Pexels License,https://www.pexels.com/license/,False,Video by Tony Flanagan on Pexels,1920,1080,29.97,25.758333,h264,False,25c5d1cf866cc343687aa303594be0f63c1ece6a,2026-10-08T21:32:23+00:00,work/src/pexels_18619715_1920x1080.mp4
C5-08,pexels_9939089,pexels,https://www.pexels.com/video/falling-leaves-from-trees-in-autumn-9939089/,Bogdan Krupin,,Pexels License,https://www.pexels.com/license/,False,Video by Bogdan Krupin on Pexels,1920,1080,29.97,21.205,h264,True,7b77455ee5a9553a2da36455d0ce12c8690abd59,2026-10-08T21:59:22+00:00,work/src/pexels_9939089_1920x1080.mp4
C5-09,pexels_8226944,pexels,https://www.pexels.com/video/drone-footage-of-a-waterfall-8226944/,Dean Diemert,,Pexels License,https://www.pexels.com/license/,False,Video by Dean Diemert on Pexels,2560,1440,29.97,19.988333,h264,True,17a23ca86c6491fd7d97333c264c6a25af159b19,2026-10-08T21:32:24+00:00,work/src/pexels_8226944_2560x1440.mp4
C6-01,pexels_5210325,pexels,https://www.pexels.com/video/close-up-shot-of-water-droplets-from-a-leaf-5210325/,Kelly,,Pexels License,https://www.pexels.com/license/,False,Video by Kelly on Pexels,1920,1080,23.976,13.481667,h264,True,f356ae6eb5a4d5e39ba487815083747528e9b8f7,2026-10-08T21:32:25+00:00,work/src/pexels_5210325_1920x1080.mp4
C6-02,pexels_8522207,pexels,https://www.pexels.com/video/time-lapse-of-seedlings-8522207/,David Roberts,,Pexels License,https://www.pexels.com/license/,False,Video by David Roberts on Pexels,1920,1080,29.97,12.879533,h264,False,d9d1c539e4eb9b52dd6d685be968bcde93653ed5,2026-10-08T21:32:26+00:00,work/src/pexels_8522207_1920x1080.mp4
C6-03,pexels_3132090,pexels,https://www.pexels.com/video/leaves-providing-shade-from-the-rays-of-the-sun-3132090/,James Cheney,,Pexels License,https://www.pexels.com/license/,False,Video by James Cheney on Pexels,1920,1080,23.976,12.846167,h264,False,4816b1262641bb881dc5f4dff98915e950837b3d,2026-10-08T21:32:27+00:00,work/src/pexels_3132090_1920x1080.mp4
