shot,chapter,film_tc,film_s,music_s,len_s,sync,transition,desc
C1-01,1,0:00.00,0.0,,3.92,free,fade_from_black,暗闇に走る溶岩の亀裂。赤い光がゆっくり脈打つ（若い地球の熱の比喩）
C1-02,1,0:03.92,3.917,0.917,2.71,hit,cut,夜の噴火。溶岩の噴泉が闇を裂く（フック）
C1-03,1,0:06.62,6.625,3.625,2.67,beat,cut,溶岩の流れ（空撮）。川のように枝分かれして流れる
C1-04,1,0:09.29,9.292,6.292,2.62,beat,cut,溶岩が海に流れ込み、白い蒸気が立ちのぼる
C1-05,1,0:11.92,11.917,8.917,2.54,beat,cut,海上の積乱雲・雷（タイムラプス）。空から海へ
C1-06,1,0:14.46,14.458,11.458,3.29,beat,cut,黒い火山岩に打ち寄せる波（スローモーション）
C1-07,1,0:17.75,17.75,14.75,3.58,downbeat,cut,宇宙から見た青い地球。海をまとった惑星の全景（実写のみ。CGの場合は reconstruction 扱い）
C2-01,2,0:21.33,21.333,18.333,2.75,downbeat,dissolve,深い青の水中に差し込む光の筋
C2-02,2,0:24.08,24.083,21.083,2.25,beat,cut,湧き上がる温泉・熱水の泡（熱と水が出会う場所）
C2-03,2,0:26.33,26.333,23.333,2.92,beat,cut,温泉の微生物マットの色彩（現生の微生物の実際の観察）
C2-04,2,0:29.25,29.25,26.25,2.83,beat,cut,顕微鏡下で動く微生物・プランクトン（現生）
C2-05,2,0:32.08,32.083,29.083,2.75,beat,cut,細胞・珪藻の形（顕微鏡）。小さな幾何学
C2-06,2,0:34.83,34.833,31.833,2.0,beat,cut,浅瀬のストロマトライト（現生。最古級の化石記録と同じ構造をつくる微生物群集）
C2-07,2,0:36.83,36.833,33.833,2.83,beat,cut,暗い水中を漂う小さなクシクラゲ・プランクトン
C3-01,3,0:39.67,39.667,36.667,2.29,downbeat,dissolve,脈動しながら泳ぐクラゲ
C3-02,3,0:41.96,41.958,38.958,1.83,beat,cut,サンゴ礁と多様な魚
C3-03,3,0:43.79,43.792,40.792,1.79,beat,cut,ゆったり泳ぐウミガメ
C3-05,3,0:45.58,45.583,42.583,1.79,beat,cut,潮だまり・波打ち際。水から陸へ
C3-06,3,0:47.38,47.375,44.375,1.75,beat,cut,苔のマクロ。朝露と胞子体
C3-07,3,0:49.12,49.125,46.125,2.25,beat,cut,シダの若芽がほどけるタイムラプス
C3-08,3,0:51.38,51.375,48.375,1.67,beat,cut,水辺のカエル
C3-09,3,0:53.04,53.042,50.042,1.62,downbeat,cut,枝分かれする河川（空撮）
C3-10,3,0:54.67,54.667,51.667,1.58,beat,match,逆光の葉脈（マクロ）
C3-11,3,0:56.25,56.25,53.25,1.75,beat,match,トンボの翅脈（マクロ）
C4-01,4,0:58.00,58.0,55.0,4.38,downbeat,dissolve,霧のかかった森を越える空撮（長回し）
C4-02,4,1:02.38,62.375,59.375,1.96,beat,cut,林冠から差し込む光
C4-03,4,1:04.33,64.333,61.333,1.92,beat,cut,花に来るミツバチ（スロー）
C4-04,4,1:06.25,66.25,63.25,1.88,beat,cut,蝶の翅
C4-05,4,1:08.12,68.125,65.125,1.88,beat,cut,ハチドリのホバリング（スロー）
C4-06,4,1:10.00,70.0,67.0,1.79,beat,cut,うねる海（空撮）
C4-07,4,1:11.79,71.792,68.792,2.67,beat,match,渦を巻く魚群
C4-08,4,1:14.46,74.458,71.458,4.25,downbeat,match,ムクドリの群れ（マーマレーション、長め）
C4-09,4,1:18.71,78.708,75.708,1.62,beat,cut,湿地を飛び立つ鳥の群れ
C4-10,4,1:20.33,80.333,77.333,1.67,beat,cut,草原を駆ける群れ（ヌー・シマウマ）
C4-11,4,1:22.00,82.0,79.0,1.58,beat,cut,ゾウの家族
C4-12,4,1:23.58,83.583,80.583,3.88,downbeat,cut,クジラ（ブリーチまたは水中を泳ぐ姿、長め）
C4-13,4,1:27.46,87.458,84.458,1.92,beat,cut,イルカの群れ
C4-14,4,1:29.38,89.375,86.375,1.88,beat,cut,滑空する猛禽
C4-15,4,1:31.25,91.25,88.25,3.42,hit,cut,巨大な滝（空撮、クライマックス）
C5-01,5,1:34.67,94.667,91.667,2.42,free,dissolve,森に降る雨、葉を打つ雨粒
C5-02,5,1:37.08,97.083,94.083,2.08,free,cut,水面に広がる雨の波紋
C5-03,5,1:39.17,99.167,96.167,2.25,free,cut,苔むした岩と根の間を流れる小川
C5-04,5,1:41.42,101.417,98.417,2.58,free,cut,キノコが育つタイムラプス（菌類）
C5-05,5,1:44.00,104.0,101.0,2.25,free,cut,苔と菌に覆われた倒木（分解と再生）
C5-06,5,1:46.25,106.25,103.25,1.92,free,cut,土の上の小さな生き物（アリ・ミミズ等）
C5-07,5,1:48.17,108.167,105.167,2.58,free,cut,小川で水を飲むシカ
C5-08,5,1:50.75,110.75,107.75,2.25,free,cut,舞い落ちる葉（生と死の循環）
C6-01,6,1:53.00,113.0,110.0,4.12,free,dissolve,葉の上の水滴（マクロ、長め）
C6-02,6,1:57.12,117.125,114.125,3.71,free,dissolve,土から芽が出るタイムラプス
C6-03,6,2:00.83,120.833,117.833,5.17,free,dissolve,朝の光の中の若葉。ここに締めの言葉
